title,release year,length
Feeling Good,1964,2:54
Lost Without You,2017,3:46
Ewondo ou Bami,2019,3:06
Moon Bounce,2013,2:37
La dot,2018,3:21
Gracefully Broken,2017,6:16
WATER,2019,2:32
Collabo,2014,3:43
Pookie,2018,3:00
Vuli Ndlela,2004,3:26
Morose,2021,4:23
Deux Toiles De Mer,2021,5:13
Should I,2016,3:24
Umbrella,2001,4:35
Hollywood's Bleeding,2021,2:35
Nothing Else Matters,1991,6:24
It's been a while,2001,4:24
The Buisness,2020,2:44
I can't Sleep,2020,3:11
Star Shopping,2015,2:22
You broke me first,2020,2:49
Real life,2020,3:17
Holy,2020,3:32
Hawai,2020,3:19
You say,2018,4:34
Echoes in Rain,2015,3:35
I Want it that Way,2001,3:33
My love,2000,3:51
